{
  "scenario": [
    {
      "name": "00",
      "type": "deviceTwin",
      "description": "set time zone to mountain",
      "readBackPause": 8,
      "input": {
        "properties": {
          "desired": {
            "timeInfo": {
              "__meta": {
                "deploymentId": "time_info_v1"
              },
              "ntpServer": "time.windows.com",
              "dynamicDaylightTimeDisabled": false,
              "timeZoneKeyName": "Mountain Standard Time",
              "timeZoneBias": 420,
              "timeZoneDaylightBias": -60,
              "timeZoneDaylightDate": "0000-03-02T02:00:00",
              "timeZoneDaylightName": "Mountain Daylight Time",
              "timeZoneDaylightDayOfWeek": 0,
              "timeZoneStandardBias": 0,
              "timeZoneStandardDate": "0000-11-01T02:00:00",
              "timeZoneStandardName": "Mountain Standard Time",
              "timeZoneStandardDayOfWeek": 0
            }
          }
        }
      },
      "output": {
        "present": {
          "properties": {
            "reported": {
              "timeInfo": {
                "__meta": {
                  "deploymentStatus": "succeeded",
                  "deploymentId": "time_info_v1",
                  "time": "<ignore>"
                },
                "ntpServer": "time.windows.com",
                "timeZoneBias": 420,
                "dynamicDaylightTimeDisabled": false,
                "timeZoneKeyName": "Mountain Standard Time",
                "timeZoneDaylightBias": -60,
                "timeZoneDaylightDate": "0000-03-02T02:00:00",
                "timeZoneDaylightName": "Mountain Daylight Time",
                "timeZoneDaylightDayOfWeek": 0,
                "timeZoneStandardBias": 0,
                "timeZoneStandardDate": "0000-11-01T02:00:00",
                "timeZoneStandardName": "Mountain Standard Time",
                "timeZoneStandardDayOfWeek": 0
              }
            }
          }
        }
      }
    },
    {
      "name": "01",
      "type": "deviceTwin",
      "description": "set time zone to pacific",
      "readBackPause": 8,
      "input": {
        "properties": {
          "desired": {
            "timeInfo": {
              "__meta": {
                "deploymentId": "time_info_v1"
              },
              "ntpServer": "time.windows.com",
              "dynamicDaylightTimeDisabled": false,
              "timeZoneKeyName": "Pacific Standard Time",
              "timeZoneBias": 480,
              "timeZoneDaylightBias": -60,
              "timeZoneDaylightDate": "0000-03-02T02:00:00",
              "timeZoneDaylightName": "Pacific Daylight Time",
              "timeZoneDaylightDayOfWeek": 0,
              "timeZoneStandardBias": 0,
              "timeZoneStandardDate": "0000-11-01T02:00:00",
              "timeZoneStandardName": "Pacific Standard Time",
              "timeZoneStandardDayOfWeek": 0
            }
          }
        }
      },
      "output": {
        "present": {
          "properties": {
            "reported": {
              "timeInfo": {
                "__meta": {
                  "deploymentStatus": "succeeded",
                  "deploymentId": "time_info_v1",
                  "time": "<ignore>"
                },
                "ntpServer": "time.windows.com",
                "dynamicDaylightTimeDisabled": false,
                "timeZoneKeyName": "Pacific Standard Time",
                "timeZoneBias": 480,
                "timeZoneDaylightBias": -60,
                "timeZoneDaylightDate": "0000-03-02T02:00:00",
                "timeZoneDaylightName": "Pacific Daylight Time",
                "timeZoneDaylightDayOfWeek": 0,
                "timeZoneStandardBias": 0,
                "timeZoneStandardDate": "0000-11-01T02:00:00",
                "timeZoneStandardName": "Pacific Standard Time",
                "timeZoneStandardDayOfWeek": 0
              }
            }
          }
        }
      }
    }
  ]
}
