{
  "scenario": [
    {
      "name": "00",
      "type": "deviceTwin",
      "description": "trigger certificate install.",
      "readBackPause": 20,
      "input": {
        "properties": {
          "desired": {
            "certificates": {
              "__meta": {
                "deploymentId": "certificates_v1"
              },
              "connectionString": "<storage connection string>",
              "rootCATrustedCertificates_Root": {
                "09DE264388CCF8607966266135DA76E0B8D7798B": {
                  "state": "installed",
                  "fileName": "dmtest\\Certificates\\gmileka0927.cer"
                }
              }
            }
          }
        }
      },
      "output": {
        "present": {
          "properties": {
            "reported": {
              "certificates": {
                "__meta": {
                  "deploymentStatus": "succeeded",
                  "deploymentId": "certificates_v1",
                  "time": "<ignore>"
                },
                "rootCATrustedCertificates_Root": {
                  "09DE264388CCF8607966266135DA76E0B8D7798B": ""
                }
              }
            }
          }
        }
      }
    },
    {
      "name": "01",
      "type": "deviceTwin",
      "description": "trigger certificate uninstall.",
      "readBackPause": 20,
      "input": {
        "properties": {
          "desired": {
            "certificates": {
              "__meta": {
                "deploymentId": "certificates_v2"
              },
              "rootCATrustedCertificates_Root": {
                "09DE264388CCF8607966266135DA76E0B8D7798B": {
                  "state": "uninstalled"
                }
              }
            }
          }
        }
      },
      "output": {
        "present": {
          "properties": {
            "reported": {
              "certificates": {
                "__meta": {
                  "deploymentStatus": "succeeded",
                  "deploymentId": "certificates_v2",
                  "time": "<ignore>"
                }
              }
            }
          }
        },
        "absent": {
          "properties": {
            "reported": {
              "certificates": {
                "rootCATrustedCertificates_Root": {
                  "09DE264388CCF8607966266135DA76E0B8D7798B": ""
                }
              }
            }
          }
        }
      }
    }
  ]
}
