{
  "scenario": [
    {
      "name": "00",
      "type": "deviceTwin",
      "description": "our first test case!",
      "readBackPause": 8,
      "input": {
        "properties": {
          "desired": {
            "__deviceSchemas": {
              "__meta": {
                "deploymentId": "device_schemas_v1"
              },
              "reporting": {
                "groups": "all",
                "types": "all",
                "tags": ""
              }
            }
          }
        }
      },
      "output": {
        "present": {
          "properties": {
            "reported": {
              "__deviceSchemas": {
                "__meta": {
                  "deploymentStatus": "succeeded",
                  "deploymentId": "device_schemas_v1",
                  "time": "<ignore>"
                },
                "__deviceSchemas": {
                  "maxInputVersion": 1,
                  "outputVersion": 1,
                  "tags": "dm",
                  "type": "raw"
                },
                "clearReportedCmd": {
                  "maxInputVersion": 1,
                  "outputVersion": 1,
                  "tags": "dm",
                  "type": "raw"
                },
                "deviceInfo": {
                  "maxInputVersion": 1,
                  "outputVersion": 1,
                  "tags": "",
                  "type": "raw"
                },
                "rebootCmd": {
                  "maxInputVersion": 1,
                  "outputVersion": 1,
                  "tags": "",
                  "type": "raw"
                },
                "rebootInfo": {
                  "maxInputVersion": 1,
                  "outputVersion": 1,
                  "tags": "",
                  "type": "raw"
                },
                "remoteWipeCmd": {
                  "maxInputVersion": 1,
                  "outputVersion": 1,
                  "tags": "",
                  "type": "raw"
                },
                "timeInfo": {
                  "maxInputVersion": 1,
                  "outputVersion": 1,
                  "tags": "",
                  "type": "raw"
                },
                "windowsTelemetry": {
                  "maxInputVersion": 1,
                  "outputVersion": 1,
                  "tags": "",
                  "type": "raw"
                },
                "windowsUpdate": {
                  "maxInputVersion": 1,
                  "outputVersion": 1,
                  "tags": "",
                  "type": "raw"
                }
              }
            }
          }
        }
      }
    }
  ]
}
